country_code,region_name,iata,icao,airport,latitude,longitude
US,Tennessee,PHT,KPHT,Henry County Airport,36.3382,-88.3829
US,Tennessee,RKW,KRKW,Rockwood Municipal Airport,35.9223,-84.6897
US,Tennessee,RNC,KRNC,Warren County Memorial Airport,35.6987,-85.8438
US,Tennessee,SYI,KSYI,Shelbyville Municipal Airport (Bomar Field),35.5601,-86.4425
US,Tennessee,THA,KTHA,Tullahoma Regional Airport (William Northern Field),35.3801,-86.2464
US,Tennessee,TRI,KTRI,Tri-Cities Regional Airport,36.4752,-82.4074
US,Tennessee,TYS,KTYS,McGhee Tyson Airport,35.811,-83.994
US,Tennessee,UCY,KUCY,Everett-Stewart Regional Airport,36.3818,-88.9854
US,Tennessee,UOS,KUOS,Franklin County Airport,35.2051,-85.8981
US,Texas,ABI,KABI,Abilene Regional Airport,32.4113,-99.6819
US,Texas,ACT,KACT,Waco Regional Airport,31.6113,-97.2305
US,Texas,ADS,KADS,Addison Airport,32.9686,-96.8364
US,Texas,AFW,KAFW,Fort Worth Alliance Airport,32.9876,-97.3188
US,Texas,ALE,,Alpine-Casparis Municipal Airport,30.3842,-103.684
US,Texas,ALI,KALI,Alice International Airport,27.7409,-98.0269
US,Texas,AMA,KAMA,Rick Husband Amarillo International Airport,35.2194,-101.706
US,Texas,ASL,KASL,Harrison County Airport,32.5205,-94.3078
US,Texas,AUS,KAUS,Austin-Bergstrom International Airport,30.1945,-97.6699
US,Texas,BBC,KBYY,Bay City Municipal Airport,28.9733,-95.8635
US,Texas,BBD,KBBD,Curtis Field,31.1793,-99.3239
US,Texas,BGD,KBGD,Hutchinson County Airport,35.7009,-101.394
US,Texas,BIF,KBIF,Biggs Army Airfield,31.8495,-106.38
US,Texas,BKD,KBKD,Stephens County Airport,32.719,-98.891
US,Texas,BMT,KBMT,Beaumont Municipal Airport,30.0707,-94.2158
US,Texas,BPT,KBPT,Jack Brooks Regional Airport,29.9508,-94.0207
US,Texas,BRO,KBRO,Brownsville/South Padre Island International Airport,25.9068,-97.4259
US,Texas,BWD,KBWD,Brownwood Regional Airport,31.7936,-98.9565
US,Texas,BZT,,Eagle Air Park,28.9822,-95.5797
US,Texas,CCG,,Crane County Airport,31.4151,-102.363
US,Texas,CDS,KCDS,Childress Municipal Airport,34.4338,-100.288
US,Texas,CFD,KCFD,Coulter Field,30.7157,-96.3314
US,Texas,CLL,KCLL,Easterwood Airport (Easterwood Field),30.5886,-96.3638
US,Texas,CNW,KCNW,TSTC Waco Airport,31.6378,-97.0741
US,Texas,COM,KCOM,Coleman Municipal Airport,31.8411,-99.4036
US,Texas,COT,KCOT,Cotulla-La Salle County Airport,28.4567,-99.2203
US,Texas,CRP,KCRP,Corpus Christi International Airport,27.7704,-97.5012
US,Texas,CRS,KCRS,C. David Campbell Field (Corsicana Municipal Airport),32.0281,-96.4006
US,Texas,CUX,,Cuddihy Field,27.7218,-97.5121
US,Texas,CXO,KCXO,Lone Star Executive Airport,30.3518,-95.4145
US,Texas,CZT,KCZT,Dimmit County Airport,28.5222,-99.8236
US,Texas,DAL,KDAL,Dallas Love Field,32.8471,-96.8518
US,Texas,DFW,KDFW,Dallas/Fort Worth International Airport,32.8968,-97.038
US,Texas,DHT,KDHT,Dalhart Municipal Airport,36.0226,-102.547
US,Texas,DLF,KDLF,Laughlin Air Force Base,29.3595,-100.778
US,Texas,DRT,KDRT,Del Rio International Airport,29.3742,-100.927
US,Texas,DWH,KDWH,David Wayne Hooks Memorial Airport,30.0618,-95.5528
US,Texas,DYS,KDYS,Dyess Air Force Base,32.4208,-99.8546
US,Texas,EFD,KEFD,Ellington Field,29.6073,-95.1588
US,Texas,EGP,,Maverick County Memorial International Airport,28.8572,-100.512
US,Texas,ELA,KELA,Eagle Lake Airport,29.6006,-96.3219
US,Texas,ELP,KELP,El Paso International Airport,31.8072,-106.378
US,Texas,ERV,KERV,Kerrville Municipal Airport (Louis Schreiner Field),29.9767,-99.0857
US,Texas,ETN,KETN,Eastland Municipal Airport,32.4135,-98.8098
US,Texas,EVA,,Ben Bruce Memorial Airpark,30.321,-94.0735
US,Texas,FST,KFST,Fort Stockton-Pecos County Airport,30.9157,-102.916
US,Texas,FTW,KFTW,Fort Worth Meacham International Airport,32.8198,-97.3624
US,Texas,FWH,KNFW,NAS Fort Worth JRB / Carswell Field,32.7692,-97.4415
US,Texas,GGG,KGGG,East Texas Regional Airport,32.384,-94.7115
US,Texas,GLE,KGLE,Gainesville Municipal Airport,33.6514,-97.197
US,Texas,GLS,KGLS,Scholes International Airport at Galveston,29.2653,-94.8604
US,Texas,GRK,KGRK,Killeen-Fort Hood Regional Airport / Robert Gray Army Airfield,31.0672,-97.8289
US,Texas,GVT,KGVT,Majors Airport,33.0678,-96.0653
US,Texas,HCA,KBPG,Big Spring McMahon-Wrinkle Airport,32.2126,-101.522
US,Texas,HLR,KHLR,Hood Army Airfield,31.1387,-97.7145
US,Texas,HOU,KHOU,William P. Hobby Airport,29.6454,-95.2789
US,Texas,HPY,KHPY,Baytown Airport,29.7861,-94.9527
US,Texas,HRL,KHRL,Valley International Airport,26.2285,-97.6544
US,Texas,HTV,KUTS,Huntsville Municipal Airport (Bruce Brothers Regional),30.7469,-95.5872
US,Texas,IAH,KIAH,George Bush Intercontinental Airport,29.9844,-95.3414
US,Texas,ILE,KILE,Skylark Field,31.0858,-97.6865
US,Texas,INK,KINK,Winkler County Airport,31.7796,-103.201
US,Texas,IRB,,Iraan Municipal Airport,30.9057,-101.892
US,Texas,IWS,KIWS,West Houston Airport,29.8182,-95.6726
US,Texas,JAS,KJAS,Jasper County Airport (Bell Field),30.8857,-94.0349
US,Texas,JCT,KJCT,Kimble County Airport,30.5113,-99.7635
US,Texas,JCY,,LBJ Ranch Airport,30.2518,-98.6225
US,Texas,JKV,KJSO,Cherokee County Airport,31.8693,-95.2174
US,Texas,KIP,KCWC,Kickapoo Downtown Airport,33.8578,-98.4904
US,Texas,LBB,KLBB,Lubbock Preston Smith International Airport,33.6636,-101.823
US,Texas,LFK,KLFK,Angelina County Airport,31.234,-94.75
US,Texas,LJN,KLBX,Texas Gulf Coast Regional Airport,29.1086,-95.4621
US,Texas,LRD,KLRD,Laredo International Airport,27.5438,-99.4616
US,Texas,MAF,KMAF,Midland International Air and Space Port,31.9425,-102.202
US,Texas,MDD,KMDD,Midland Airpark,32.0365,-102.101
US,Texas,MFE,KMFE,McAllen Miller International Airport,26.1758,-98.2386
US,Texas,MGI,,Aransas National Wildlife Refuge Airport,28.323,-96.464
US,Texas,MIF,,Roy Hurd Memorial Airport,31.5825,-102.909
US,Texas,MPS,KOSA,Mount Pleasant Regional Airport,32.8981,-79.7828
US,Texas,MRF,KMRF,Marfa Municipal Airport,30.3711,-104.018
US,Texas,MWL,KMWL,Mineral Wells Airport,32.7816,-98.0602
US,Texas,NGP,KNGP,NAS Corpus Christi (Truax Field),27.6926,-97.2911
US,Texas,NGW,KNGW,NOLF Cabaniss Field,27.7027,-97.4389
US,Texas,NIR,,Chase Field Industrial Complex,28.3624,-97.6619
US,Texas,NQI,KNQI,NAS Kingsville,27.5072,-97.8097
US,Texas,OCH,KOCH,A.L. Mangham Jr. Regional Airport,31.578,-94.7095
US,Texas,ONY,KONY,Olney Municipal Airport,33.3522,-98.7915
US,Texas,OZA,KOZA,Ozona Municipal Airport,30.7353,-101.203
US,Texas,PEQ,KPEQ,Pecos Municipal Airport,31.3824,-103.511
US,Texas,PNX,KGYI,North Texas Regional Airport,33.7141,-96.6737
US,Texas,PPA,KPPA,Perry Lefors Field,35.613,-100.996
US,Texas,PRX,KPRX,Cox Field,33.6366,-95.4508
US,Texas,PSN,KPSN,Palestine Municipal Airport,31.7797,-95.7063
US,Texas,PSX,KPSX,Palacios Municipal Airport,28.7275,-96.251
US,Texas,PVW,KPVW,Hale County Airport,34.1681,-101.717
US,Texas,RBD,KRBD,Dallas Executive Airport,32.6809,-96.8682
US,Texas,RCK,KRCK,H. H. Coffield Regional Airport,30.6316,-96.9897
US,Texas,REE,,Reese Airpark,33.5903,-102.037
US,Texas,RFG,KRFG,Rooke Field,28.2886,-97.318
US,Texas,RGR,,Ranger Municipal Airport,32.4526,-98.6828
US,Texas,RKP,KRKP,Aransas County Airport,28.0868,-97.0446
US,Texas,RND,KRND,Randolph Air Force Base,29.5297,-98.2789
US,Texas,SAT,KSAT,San Antonio International Airport,29.5337,-98.4698
US,Texas,SEP,KSEP,Stephenville Clark Regional Airport,32.2153,-98.1777
US,Texas,SGR,KSGR,Sugar Land Regional Airport,29.6223,-95.6565
US,Texas,SJT,KSJT,San Angelo Regional Airport (Mathis Field),31.3577,-100.496
US,Texas,SKF,KSKF,Kelly Field Annex / Lackland Air Force Base,29.3842,-98.5811
US,Texas,SLR,KSLR,Sulphur Springs Municipal Airport,33.1598,-95.6211
US,Texas,SNK,KSNK,Winston Field Airport,32.6934,-100.95
US,Texas,SPS,KSPS,Sheppard Air Force Base / Wichita Falls Municipal Airport,33.9888,-98.4919
US,Texas,SSF,KSSF,Stinson Municipal Airport,29.337,-98.4711
US,Texas,SWW,KSWW,Avenger Field,32.4674,-100.467
US,Texas,TDW,KTDW,Tradewind Airport,35.1699,-101.826
US,Texas,TPL,KTPL,Draughon-Miller Central Texas Regional Airport,31.1525,-97.4078
US,Texas,TRL,KTRL,Terrell Municipal Airport,32.7092,-96.2674
US,Texas,TYR,KTYR,Tyler Pounds Regional Airport,32.3541,-95.4024
US,Texas,UVA,KUVA,Garner Field,29.2113,-99.7436
US,Texas,VCT,KVCT,Victoria Regional Airport,28.8526,-96.9185
US,Texas,VHN,KVHN,Culberson County Airport,31.0578,-104.784
US,Texas,WEA,KWEA,Parker County Airport,32.7463,-97.6824
US,Texas,WHT,KARM,Wharton Regional Airport,29.2543,-96.1544
US,Texas,WIB,,Wilbarger County Airport (FAA: F05),34.2257,-99.2838
US,Utah,BCE,KBCE,Bryce Canyon Airport,37.7064,-112.145
US,Utah,BDG,KBDG,Blanding Municipal Airport,37.5833,-109.483
US,Utah,BFG,,Bullfrog Basin Airport,37.5458,-110.713
US,Utah,BMC,KBMC,Brigham City Airport,41.5524,-112.062
US,Utah,BTF,KBTF,Skypark Airport,40.8694,-111.927
US,Utah,CDC,KCDC,Cedar City Regional Airport,37.701,-113.099
US,Utah,CNY,KCNY,Canyonlands Field,38.755,-109.755
US,Utah,DPG,KDPG,Michael Army Airfield,40.1994,-112.937
US,Utah,DTA,KDTA,Delta Municipal Airport,39.3806,-112.508
US,Utah,ENV,KENV,Wendover Airport,40.7187,-114.031
US,Utah,FIL,KFOM,Fillmore Municipal Airport,38.9583,-112.363
US,Utah,GMV,,Monument Valley Airport,37.0167,-110.201
US,Utah,HIF,KHIF,Hill Air Force Base,41.124,-111.973
US,Utah,HVE,KHVE,Hanksville Airport,38.418,-110.704
US,Utah,KNB,KKNB,Kanab Municipal Airport,37.0106,-112.531
US,Utah,LGU,KLGU,Logan-Cache Airport,41.7912,-111.852
US,Utah,MLF,KMLF,Milford Municipal Airport (Ben and Judy Briscoe Field),38.6097,-112.986
US,Utah,MSD,,Mount Pleasant Airport,39.5266,-111.476
US,Utah,MXC,,Monticello Airport,37.9324,-109.341
US,Utah,NPH,,Nephi Municipal Airport,39.7388,-111.872
US,Utah,NTJ,,Manti-Ephraim Airport,39.3291,-111.615
US,Utah,OGD,KOGD,Ogden-Hinckley Airport,41.1959,-112.012
US,Utah,PNU,,Panguitch Municipal Airport,37.8452,-112.392
US,Utah,PUC,KPUC,Carbon County Regional Airport,39.6139,-110.751
US,Utah,PVU,KPVU,Provo Municipal Airport,40.2192,-111.723
US,Utah,RIF,KRIF,Richfield Municipal Airport,38.7364,-112.099
US,Utah,ROL,,Roosevelt Municipal Airport,40.2783,-110.051
US,Utah,RVR,,Green River Municipal Airport,38.9614,-110.227
US,Utah,SBO,,Salina-Gunnison Airport,39.0291,-111.838
US,Utah,SGU,KSGU,St. George Regional Airport,37.0364,-113.51
US,Utah,SLC,KSLC,Salt Lake City International Airport,40.7884,-111.978
US,Utah,VEL,KVEL,Vernal Regional Airport,40.4409,-109.51
US,Vermont,BTV,KBTV,Burlington International Airport,44.4719,-73.1533
US,Vermont,EFK,KEFK,Newport State Airport,44.8888,-72.2292
US,Vermont,LLX,KCDA,Caledonia County Airport,44.5691,-72.018
US,Vermont,MPV,KMPV,Edward F. Knapp State Airport,44.2035,-72.5623
US,Vermont,MVL,KMVL,Morrisville-Stowe State Airport,44.5346,-72.614
US,Vermont,RUT,KRUT,Rutland - Southern Vermont Regional Airport,43.5294,-72.9496
US,Vermont,VSF,KVSF,Hartness State Airport,43.3436,-72.5173
US,Virginia,APH,KAPH,A.P. Hill Army Airfield,38.0689,-77.3183
US,Virginia,BCB,KBCB,Virginia Tech Montgomery Executive Airport,37.2076,-80.4078
US,Virginia,BKT,KBKT,Blackstone Army Airfield (Allen C. Perkinson Airport),37.0742,-77.9575
US,Virginia,CHO,KCHO,Charlottesville-Albemarle Airport,38.1386,-78.4529
US,Virginia,DAA,KDAA,Davison Army Airfield,38.715,-77.181
US,Virginia,DAN,KDAN,Danville Regional Airport,36.5729,-79.3361
US,Virginia,DCA,KDCA,Ronald Reagan Washington National Airport,38.8522,-77.0378
US,Virginia,DGN,KNDY,Naval Surface Warfare Center Dahlgren Division,38.3325,-77.0372
US,Virginia,FAF,KFAF,Felker Army Airfield,37.1325,-76.6088
US,Virginia,FKN,KFKN,Franklin Municipal-John Beverly Rose Airport,36.6981,-76.9038
US,Virginia,FRR,KFRR,Front Royal-Warren County Airport,38.9175,-78.2535
US,Virginia,GVE,KGVE,Gordonsville Municipal Airport,38.156,-78.1658
US,Virginia,HSP,KHSP,Ingalls Field,37.9514,-79.8339
US,Virginia,IAD,KIAD,Washington Dulles International Airport,38.9445,-77.4558
US,Virginia,LFI,KLFI,Langley Air Force Base,37.0829,-76.3605
US,Virginia,LNP,KLNP,Lonesome Pine Airport,36.9875,-82.53
US,Virginia,LOW,KLKU,Louisa County Airport (Freeman Field),38.0098,-77.9701
US,Virginia,LVL,KLVL,Lawrenceville/Brunswick Municipal Airport,36.7728,-77.7943
US,Virginia,LYH,KLYH,Lynchburg Regional Airport (Preston Glenn Field),37.3267,-79.2004
US,Virginia,MFV,KMFV,Accomack County Airport,37.6469,-75.7611
US,Virginia,MNZ,KHEF,Manassas Regional Airport,38.7214,-77.5154
US,Virginia,NGU,KNGU,NS Norfolk (Chambers Field),36.9376,-76.2893
US,Virginia,NTU,KNTU,NAS Oceana (Apollo Soucek Field),36.8207,-76.0335
US,Virginia,NYG,KNYG,MCAF Quantico (Turner Field),38.5017,-77.3053
US,Virginia,ORF,KORF,Norfolk International Airport,36.8946,-76.2012
US,Virginia,PHF,KPHF,Newport News/Williamsburg International Airport,37.1319,-76.493
US,Virginia,PSK,KPSK,New River Valley Airport,37.1373,-80.6785
US,Virginia,PTB,KPTB,Dinwiddie County Airport,37.1838,-77.5074
US,Virginia,RIC,KRIC,Richmond International Airport,37.5052,-77.3197
US,Virginia,ROA,KROA,Roanoke-Blacksburg Regional Airport (Woodrum Field),37.3255,-79.9754
US,Virginia,SHD,KSHD,Shenandoah Valley Regional Airport,38.2638,-78.8964
US,Virginia,VJI,KVJI,Virginia Highlands Airport,36.6871,-82.0333
US,Virginia,WAL,KWAL,Wallops Flight Facility,37.9402,-75.4664
US,Virginia,WGO,KOKV,Winchester Regional Airport,39.1435,-78.1444
US,Washington,ALW,KALW,Walla Walla Regional Airport,46.0949,-118.288
US,Washington,BFI,KBFI,Boeing Field/King County International Airport,47.53,-122.302
US,Washington,BLI,KBLI,Bellingham International Airport,48.7928,-122.538
US,Washington,BYW,,Blakely Island Airport,48.579,-122.826
US,Washington,CKR,,Crane Island Airstrip,48.5978,-122.998
US,Washington,CLM,KCLM,William R. Fairchild International Airport,48.1202,-123.5
US,Washington,CLS,KCLS,Chehalis-Centralia Airport,46.677,-122.983
US,Washington,CWS,,Center Island Airport,48.4901,-122.832
US,Washington,DHB,,Deer Harbor Sea Plane Base,48.6167,-123.003
US,Washington,DTR,,Decatur Shores Airport,48.4998,-122.814
US,Washington,EAT,KEAT,Pangborn Memorial Airport,47.3989,-120.207
US,Washington,ELN,KELN,Bowers Field,47.033,-120.531
US,Washington,EPH,KEPH,Ephrata Municipal Airport,47.3076,-119.516
US,Washington,ESD,KORS,Orcas Island Airport,48.7082,-122.91
US,Washington,ESW,KESW,Easton State Airport,47.2542,-121.186
US,Washington,FBS,,Friday Harbor Seaplane Base,48.5373,-123.01
US,Washington,FRD,KFHR,Friday Harbor Airport,48.522,-123.024
US,Washington,GCD,,Grand Coulee Dam Airport,47.922,-119.083
US,Washington,GEG,KGEG,Spokane International Airport,47.6199,-117.534
US,Washington,GRF,KGRF,Gray Army Airfield,47.0792,-122.581
US,Washington,HQM,KHQM,Bowerman Airport,46.9712,-123.937
US,Washington,KEH,,Kenmore Air Harbor,47.7548,-122.259
US,Washington,KLS,KKLS,Southwest Washington Regional Airport,46.118,-122.898
US,Washington,LKE,,Kenmore Air Harbor Seaplane Base (Seattle Lake Union SPB),47.629,-122.339
US,Washington,LPS,,Fishermans Bay/LPS Seaplane Base,48.4839,-122.938
US,Washington,MVW,KBVS,Skagit Regional Airport,48.4709,-122.421
US,Washington,MWH,KMWH,Grant County International Airport,47.2077,-119.32
US,Washington,NUW,KNUW,NAS Whidbey Island (Ault Field),48.3518,-122.656
US,Washington,ODW,KOKH,A.J. Eisenberg Airport,48.2515,-122.674
US,Washington,OLM,KOLM,Olympia Regional Airport,46.9694,-122.903
US,Washington,OMK,KOMK,Omak Airport,48.4644,-119.518
US,Washington,OTS,,Anacortes Airport,48.499,-122.662
US,Washington,PAE,KPAE,Paine Field (Snohomish County Airport),47.9063,-122.282
US,Washington,PSC,KPSC,Tri-Cities Airport,46.2647,-119.119
US,Washington,PUL,,Port of Poulsbo Marina Moorage Seaplane Base,47.734,-122.647
US,Washington,PUW,KPUW,Pullman-Moscow Regional Airport,46.7439,-117.11
US,Washington,PWT,KPWT,Bremerton National Airport,47.4902,-122.765
US,Washington,RCE,,Roche Harbor Seaplane Base,48.6123,-123.139
US,Washington,RLD,KRLD,Richland Airport,46.3056,-119.304
US,Washington,RNT,KRNT,Renton Municipal Airport,47.4931,-122.216
US,Washington,RSJ,,Rosario Seaplane Base,48.6457,-122.868
US,Washington,SEA,KSEA,Seattle-Tacoma International Airport,47.449,-122.309
US,Washington,SFF,KSFF,Felts Field,47.6828,-117.323
US,Washington,SHN,KSHN,Sanderson Field,47.2336,-123.148
US,Washington,SKA,KSKA,Fairchild Air Force Base,47.6151,-117.656
US,Washington,SQV,,Sequim Valley Airport,48.0981,-123.187
US,Washington,SSW,,Stuart Island Airpark,48.6729,-123.176
US,Washington,TCM,KTCM,McChord Field,47.1377,-122.476
US,Washington,TDO,KTDO,South Lewis County Airport (Ed Carlson Memorial Field),46.4772,-122.806
US,Washington,TIW,KTIW,Tacoma Narrows Airport,47.2679,-122.578
US,Washington,TWD,,Jefferson County International Airport,48.0538,-122.811
US,Washington,UIL,KUIL,Quillayute Airport,47.9366,-124.563
US,Washington,WDN,,Waldronaire Airport,48.7118,-123.018
US,Washington,WSX,,Westsound Seaplane Base,48.6179,-122.953
US,Washington,YKM,KYKM,Yakima Air Terminal (McAllister Field),46.5682,-120.544
US,West Virginia,BKW,KBKW,Raleigh County Memorial Airport,37.7873,-81.1242
US,West Virginia,BLF,KBLF,Mercer County Airport,37.2958,-81.2077
US,West Virginia,CKB,KCKB,North Central West Virginia Airport,39.2966,-80.2281
US,West Virginia,CRW,KCRW,Yeager Airport,38.3731,-81.5932
US,West Virginia,EKN,KEKN,Elkins-Randolph County Airport,38.8894,-79.8571
US,West Virginia,GWV,,Glendale Fokker Field,39.9487,-80.7595
US,West Virginia,HLG,KHLG,Wheeling Ohio County Airport,40.175,-80.6463
US,West Virginia,HTS,KHTS,Tri-State Airport (Milton J. Ferguson Field),38.3667,-82.558
US,West Virginia,LWB,KLWB,Greenbrier Valley Airport,37.8583,-80.3995
US,West Virginia,MGW,KMGW,Morgantown Municipal Airport (Walter L. Bill Hart Field),39.6429,-79.9163
US,West Virginia,MRB,KMRB,Eastern WV Regional Airport (Shepherd Field),39.4019,-77.9846
US,West Virginia,ODM,,Garrett County Airport,39.2808,-79.3374
US,West Virginia,PGC,,Grant County Airport,38.9949,-79.1459
US,West Virginia,PKB,KPKB,Mid-Ohio Valley Regional Airport,39.3451,-81.4392
US,Wisconsin,AHH,KAHH,Amery Municipal Airport,45.2811,-92.3754
US,Wisconsin,ARV,KARV,Lakeland Airport (Noble F. Lee Memorial Field),45.9279,-89.7309
US,Wisconsin,ASX,KASX,John F. Kennedy Memorial Airport,46.5485,-90.919
US,Wisconsin,ATW,KATW,Appleton International Airport,44.2581,-88.5191
US,Wisconsin,AUW,KAUW,Wausau Downtown Airport,44.9262,-89.6266
US,Wisconsin,CLI,KCLI,Clintonville Municipal Airport,44.6138,-88.7313
US,Wisconsin,CMY,KCMY,Sparta/Fort McCoy Airport,43.9583,-90.7379
US,Wisconsin,CWA,KCWA,Central Wisconsin Airport,44.7776,-89.6668
US,Wisconsin,EAU,KEAU,Chippewa Valley Regional Airport,44.8658,-91.4843
US,Wisconsin,EGV,KEGV,Eagle River Union Airport,45.9323,-89.2683
US,Wisconsin,ENW,KENW,Kenosha Regional Airport,42.5957,-87.9278
US,Wisconsin,ETB,KETB,West Bend Municipal Airport,43.4222,-88.1279
US,Wisconsin,FLD,KFLD,Fond du Lac County Airport,43.7712,-88.4884
US,Wisconsin,GRB,KGRB,Austin Straubel International Airport,44.4851,-88.1296
US,Wisconsin,GTG,KGTG,Grantsburg Municipal Airport,45.7981,-92.6644
US,Wisconsin,HYR,KHYR,Sawyer County Airport,46.0252,-91.4443
US,Wisconsin,ISW,KISW,South Wood County Airport (Alexander Field),44.3603,-89.839
US,Wisconsin,JVL,KJVL,Southern Wisconsin Regional Airport,42.6203,-89.0416
US,Wisconsin,LNR,KLNR,Tri-County Regional Airport,43.2117,-90.1816
US,Wisconsin,LSE,KLSE,La Crosse Regional Airport,43.879,-91.2567
US,Wisconsin,MDF,KMDZ,Taylor County Airport,45.101,-90.3033
US,Wisconsin,MFI,KMFI,Marshfield Municipal Airport,44.6369,-90.1893
US,Wisconsin,MKE,KMKE,General Mitchell International Airport,42.9472,-87.8966
US,Wisconsin,MSN,KMSN,Dane County Regional Airport (Truax Field),43.1399,-89.3375
US,Wisconsin,MTW,KMTW,Manitowoc County Airport,44.1288,-87.6806
US,Wisconsin,MWC,KMWC,Lawrence J. Timmerman Airport,43.1104,-88.0344
US,Wisconsin,OEO,KOEO,L.O. Simenstad Municipal Airport,45.31,-92.6919
US,Wisconsin,OSH,KOSH,Wittman Regional Airport,43.9844,-88.557
US,Wisconsin,PCD,KPDC,Prairie du Chien Municipal Airport,43.0193,-91.1237
US,Wisconsin,PKF,KPKF,Park Falls Municipal Airport,45.955,-90.4244
US,Wisconsin,PRW,,Prentice Airport,45.543,-90.2793
US,Wisconsin,RAC,KRAC,John H. Batten Airport,42.7606,-87.8152
US,Wisconsin,RHI,KRHI,Rhinelander-Oneida County Airport,45.6312,-89.4675
US,Wisconsin,RIE,KRPD,Rice Lake Regional Airport (Carl's Field),45.419,-91.7735
US,Wisconsin,RNH,KRNH,New Richmond Regional Airport,45.1483,-92.5381
US,Wisconsin,RRL,KRRL,Merrill Municipal Airport,45.1989,-89.7129
US,Wisconsin,SBM,KSBM,Sheboygan County Memorial Airport,43.7696,-87.8514
US,Wisconsin,STE,KSTE,Stevens Point Municipal Airport,44.5452,-89.5303
US,Wisconsin,SUE,KSUE,Door County Cherryland Airport,44.8437,-87.4215
US,Wisconsin,SUW,KSUW,Richard I. Bong Airport,46.6897,-92.0947
US,Wisconsin,UES,KUES,Waukesha County Airport (Crites Field),43.041,-88.2371
US,Wisconsin,UNU,KUNU,Dodge County Airport,43.4266,-88.7032
US,Wisconsin,VOK,KVOK,Volk Field Air National Guard Base,43.939,-90.2534
US,Wisconsin,XES,,Grand Geneva Resort Airport,42.6149,-88.3896
US,Wyoming,AFO,KAFO,Afton Municipal Airport,42.7112,-110.942
US,Wyoming,BPI,KBPI,Miley Memorial Field,42.5851,-110.111
US,Wyoming,BYG,KBYG,Johnson County Airport,44.3811,-106.722
US,Wyoming,COD,KCOD,Yellowstone Regional Airport,44.5202,-109.024
US,Wyoming,CPR,KCPR,Casper-Natrona County International Airport,42.908,-106.464
US,Wyoming,CYS,KCYS,Cheyenne Regional Airport (Jerry Olson Field),41.1557,-104.812
US,Wyoming,DGW,KDGW,Converse County Airport,42.7972,-105.386
US,Wyoming,EAN,KEAN,Phifer Airfield,42.0555,-104.929
US,Wyoming,ECS,KECS,Mondell Field,43.8854,-104.318
US,Wyoming,EMM,KEMM,Kemmerer Municipal Airport,41.8241,-110.557
US,Wyoming,EVW,KEVW,Evanston-Uinta County Burns Field,41.2748,-111.035
US,Wyoming,FBR,KFBR,Fort Bridger Airport,41.3919,-110.407
US,Wyoming,GCC,KGCC,Gillette-Campbell County Airport,44.3489,-105.539
US,Wyoming,GEY,KGEY,South Big Horn County Airport,44.5168,-108.083
US,Wyoming,JAC,KJAC,Jackson Hole Airport,43.6073,-110.738
US,Wyoming,LAR,KLAR,Laramie Regional Airport,41.3121,-105.675
US,Wyoming,LND,KLND,Hunt Field,42.8152,-108.73
US,Wyoming,LSK,KLSK,Lusk Municipal Airport,42.7538,-104.405
US,Wyoming,POY,KPOY,Powell Municipal Airport,44.8672,-108.793
US,Wyoming,PWY,KPNA,Ralph Wenz Field,42.7955,-109.807
US,Wyoming,RIW,KRIW,Central Wyoming Regional Airport,43.0642,-108.46
US,Wyoming,RKS,KRKS,Southwest Wyoming Regional Airport,41.5942,-109.065
US,Wyoming,RWL,KRWL,Rawlins Municipal Airport (Harvey Field),41.8056,-107.2
US,Wyoming,SAA,KSAA,Shively Field,41.4449,-106.824
US,Wyoming,SHR,KSHR,Sheridan County Airport,44.7692,-106.98
US,Wyoming,THP,KTHP,Hot Springs County-Thermopolis Municipal Airport,43.7136,-108.39
US,Wyoming,TOR,KTOR,Torrington Municipal Airport,42.0645,-104.153
US,Wyoming,WRL,KWRL,Worland Municipal Airport,43.9657,-107.951
UY,Artigas,ATI,SUAG,Artigas International Airport,-30.4007,-56.5079
UY,Artigas,BUV,SUBU,Placeres Airport,-30.3333,-57.0833
UY,Cerro Largo,MLZ,SUMO,Cerro Largo International Airport,-32.3379,-54.2167
UY,Colonia,CYR,SUCA,Colonia Airport (Laguna de los Patos Intn'l Airport),-34.4564,-57.7706
UY,Durazno,DZO,SUDU,Santa Bernardina International Airport,-33.3589,-56.4992
UY,Maldonado,PDP,SULS,Capitan de Corbeta Carlos A. Curbelo International Airport,-34.8551,-55.0943
UY,Montevideo,MVD,SUMU,Carrasco Gral. Cesareo L. Berisso International Airport,-34.8384,-56.0308
UY,Paysandu,PDU,SUPU,Tydeo Larre Borges International Airport,-32.3633,-58.0619
UY,Rivera,RVY,SURV,Pres. Gral. Oscar D. Gestido International Airport,-30.9746,-55.4762
UY,Rivera,VCH,SUVO,Vichadero Airport,-31.767,-54.617
UY,Salto,STY,SUSO,Nueva Hesperides International Airport,-31.4385,-57.9853
UY,Tacuarembo,TAW,SUTB,Tacuarembo Airport,-31.749,-55.9258
UY,Treinta y Tres,TYT,SUTR,Treinta y Tres Airport,-33.1957,-54.3472
UZ,-,TAS,UTTT,Tashkent International Airport,41.2579,69.2812
UZ,Andijon,AZN,UTKA,Andizhan Airport,40.7277,72.294
UZ,Buxoro,AFS,UTSN,Zarafshan Airport,41.6139,64.2332
UZ,Buxoro,BHK,UTSB,Bukhara International Airport,39.775,64.4833
UZ,Farg'ona,FEG,UTKF,Fergana International Airport,40.3588,71.745
UZ,Namangan,NMA,UTFN,Namangan Airport,40.9846,71.5567
UZ,Navoiy,NVI,UTSA,Navoi International Airport,40.1172,65.1708
UZ,Qashqadaryo,KSQ,UTSK,Karshi Airport,38.8336,65.9215
UZ,Qoraqalpog'iston Respublikasi,NCU,UTNN,Nukus Airport,42.4884,59.6233
UZ,Samarqand,SKD,UTSS,Samarkand International Airport,39.7005,66.9838
UZ,Surxondaryo,TMJ,UTST,Termez Airport,37.2867,67.31
UZ,Xorazm,UGC,UTNU,Urgench International Airport,41.5843,60.6417
VC,Grenadines,BQU,TVSB,J. F. Mitchell Airport,12.9884,-61.262
VC,Grenadines,CIW,TVSC,Canouan Airport,12.699,-61.3424
VC,Grenadines,MQS,TVSM,Mustique Airport,12.8879,-61.1802
VC,Grenadines,PLI,,Palm Island Airport,12.587,-61.397
VC,Grenadines,UNI,TVSU,Union Island Airport,12.6001,-61.4119
VC,Saint George,SVD,TVSA,Argyle International Airport,13.1443,-61.2109
VE,Amazonas,PYH,SVPA,Cacique Aramare Airport,5.61999,-67.6061
VE,Anzoategui,AAO,SVAN,Anaco Airport,9.43023,-64.4707
VE,Anzoategui,BLA,SVBC,General Jose Antonio Anzoategui International Airport,10.1111,-64.6922
VE,Anzoategui,ELX,,El Tigre Airport,9.57,-62.4367
VE,Anzoategui,SOM,SVST,San Tome Airport,8.94515,-64.1511
VE,Apure,EOZ,SVEZ,Elorza Airport,7.08333,-69.5333
VE,Apure,GDO,SVGD,Guasdualito Airport (Vare Maria Airport),7.23333,-70.8
VE,Apure,PPZ,,Puerto Paez Airport,6.23333,-67.4336
VE,Apure,PTM,SVPT,Palmarito Airport,7.56667,-70.1833
VE,Apure,SFD,SVSR,Las Flecheras Airport,7.88332,-67.444
VE,Barinas,BNS,SVBI,Barinas Airport,8.615,-70.2142
VE,Barinas,SBB,SVSB,Santa Barbara de Barinas Airport,7.80351,-71.1657
VE,Bolivar,CAJ,SVCN,Canaima Airport,6.23199,-62.8544
VE,Bolivar,CBL,SVCB,Tomas de Heres Airport,8.12216,-63.537
VE,Bolivar,CXA,SVCD,Caicara del Orinoco Airport,7.62551,-66.1628
VE,Bolivar,EOR,SVED,El Dorado Airport,6.73333,-61.5833
VE,Bolivar,ICA,SVIC,Icabaru Airport,4.33632,-61.7396
VE,Bolivar,ICC,SVIE,Andres Miguel Salazar Marcano Airport,10.7944,-63.9816
VE,Bolivar,KAV,SVKA,Kavanayen Airport,5.633,-61.783
VE,Bolivar,KTV,SVKM,Kamarata Airport,5.75,-62.416
VE,Bolivar,PPH,,Parai-tepui Airport,4.56667,-61.4833
VE,Bolivar,PZO,SVPR,Manuel Carlos Piar Guayana Airport,8.28853,-62.7604
VE,Bolivar,SNV,SVSE,Santa Elena de Uairen Airport,4.555,-61.15
VE,Bolivar,TMO,SVTM,Tumeremo Airport,7.24938,-61.5289
VE,Bolivar,URM,SVUM,Uriman Airport,5.33333,-62.7667
VE,Carabobo,MYC,SVBS,Mariscal Sucre Airport,10.25,-67.6494
VE,Carabobo,PBL,SVPC,Bartolome Salom Airport,10.4805,-68.073
VE,Carabobo,VLN,SVVA,Arturo Michelena International Airport,10.1497,-67.9284
VE,Delta Amacuro,PDZ,SVPE,Pedernales Airport,9.97924,-62.2286
VE,Delta Amacuro,TUV,SVTC,San Rafael Airport,9.08899,-62.0942
VE,Falcon,CZE,SVCR,Jose Leonardo Chirino Airport,11.4149,-69.6809
VE,Falcon,LSP,SVJC,Josefa Camejo International Airport,11.7808,-70.1515
VE,Guarico,CLZ,SVCL,Calabozo Airport,8.92466,-67.4171
VE,Guarico,VDP,SVVP,Valle de la Pascua Airport,9.22203,-65.9936
VE,Lara,BRM,SVBM,Jacinto Lara International Airport,10.0427,-69.3586
VE,Lara,VCR,SVCO,Carora Airport,10.1756,-70.0652
VE,Merida,MRD,SVMD,Alberto Carnevalli Airport,8.58208,-71.161
VE,Merida,VIG,SVVG,Juan Pablo Perez Alfonzo Airport,8.62414,-71.6727
VE,Miranda,LRV,SVRS,Los Roques Airport,11.95,-66.67
VE,Monagas,MUN,SVMT,Jose Tadeo Monagas International Airport,9.75453,-63.1474
VE,Nueva Esparta,PMV,SVMG,Santiago Marino Caribbean International Airport,10.9126,-63.9666
VE,Portuguesa,AGV,SVAC,Oswaldo Guevara Mujica Airport,9.55338,-69.2379
VE,Portuguesa,GUQ,SVGU,Guanare Airport,9.02694,-69.7551
VE,Sucre,CUM,SVCU,Antonio Jose de Sucre Airport,10.4503,-64.1305
VE,Sucre,CUP,SVCP,General Jose Francisco Bermudez Airport,10.66,-63.2617
VE,Sucre,GUI,SVGI,Guiria Airport,10.5741,-62.3127
VE,Tachira,LFR,SVLF,La Fria Airport,8.23917,-72.271
VE,Tachira,SCI,SVPM,Paramillo Airport,7.80132,-72.2029
VE,Tachira,STD,SVSO,Mayor Buenaventura Vivas Airport,7.56538,-72.0351
VE,Tachira,SVZ,SVSA,Juan Vicente Gomez International Airport,7.84083,-72.4397
VE,Trujillo,VLV,SVVL,Dr. Antonio Nicolas Briceno Airport,9.34048,-70.5841
VE,Vargas,CCS,SVMI,Simon Bolivar International Airport,10.6012,-66.9912
VE,Yaracuy,SNF,SVSP,Sub Teniente Nestor Arias Airport,10.2787,-68.7552
VE,Zulia,CBS,SVON,Oro Negro Airport,10.3307,-71.3225
VE,Zulia,CUV,SVCG,Casigua El Cubo Airport,8.75814,-72.5363
VE,Zulia,LGY,,Lagunillas Airport,10.124,-71.238
VE,Zulia,MAR,SVMC,La Chinita International Airport,10.5582,-71.7279
VE,Zulia,STB,SVSZ,Miguel Urdaneta Fernandez Airport,8.97455,-71.9433
VG,"Virgin Islands, British",EIS,TUPJ,Terrance B. Lettsome International Airport,18.4448,-64.543
VG,"Virgin Islands, British",NGD,TUPA,Auguste George Airport,18.7272,-64.3297
VG,"Virgin Islands, British",RAD,,Road Town Seaplane Base,18.45,-64.6
VG,"Virgin Islands, British",TOV,,West End Seaplane Base,18.45,-64.5833
VG,"Virgin Islands, British",VIJ,TUPW,Virgin Gorda Airport,18.4464,-64.4275
VI,"Virgin Islands, U.S.",SJF,,Cruz Bay Seaplane Base,18.3315,-64.796
VI,"Virgin Islands, U.S.",SPB,,Charlotte Amalie Harbor Seaplane Base (St. Thomas Seaplane Base),18.3386,-64.9407
VI,"Virgin Islands, U.S.",SSB,,Christiansted Harbor Seaplane Base (St. Croix Seaplane Base),17.7472,-64.7049
VI,"Virgin Islands, U.S.",STT,TIST,Cyril E. King Airport,18.3373,-64.9734
VI,"Virgin Islands, U.S.",STX,TISX,Henry E. Rohlsen Airport,17.7019,-64.7986
VN,An Giang,XLO,,Long Xuyen Airport,10.3301,105.473
VN,Ba Ria - Vung Tau,HOO,,Nhon Co Airport,11.9787,107.564
VN,Ba Ria - Vung Tau,VCS,VVCS,Con Dao Airport,8.73183,106.633
VN,Ba Ria - Vung Tau,VTG,VVVT,Vung Tau Airport,10.3725,107.095
VN,Binh Dinh,UIH,VVPC,Phu Cat Airport,13.955,109.042
VN,Ca Mau,CAH,VVCM,Ca Mau Airport,9.17767,105.178
VN,Can Tho,VCA,VVCT,Can Tho International Airport,10.0851,105.712
VN,Da Nang,DAD,VVDN,Da Nang International Airport,16.0439,108.199
VN,Dak Lak,BMV,VVBM,Buon Ma Thuot Airport,12.6683,108.12
VN,Dien Bien,DIN,VVDB,Dien Bien Phu Airport,21.3975,103.008
VN,Gia Lai,PXU,VVPK,Pleiku Airport,14.0045,108.017
VN,Ha Noi,HAN,VVNB,Noi Bai International Airport,21.2212,105.807
VN,Hai Phong,HPH,VVCI,Cat Bi International Airport,20.8194,106.725
VN,Ho Chi Minh,SGN,VVTS,Tan Son Nhat International Airport,10.8188,106.652
VN,Khanh Hoa,CXR,VVCR,Cam Ranh International Airport,11.9982,109.219
VN,Khanh Hoa,NHA,VVNT,Nha Trang Air Base,12.2275,109.192
VN,Kien Giang,PQC,VVPQ,Phu Quoc International Airport,10.1698,103.993
VN,Kien Giang,VKG,VVRG,Rach Gia Airport,9.95803,105.132
VN,Kon Tum,KON,,Kontum Airport,14.35,108.017
VN,Lam Dong,DLI,VVDL,Lien Khuong Airport,11.75,108.367
VN,Nghe An,VII,VVVH,Vinh International Airport,18.7376,105.671
VN,Ninh Thuan,PHA,VVPR,Phan Rang Air Base,11.6335,108.952
VN,Phu Yen,TBB,VVTH,Dong Tac Airport,13.0496,109.334
VN,Quang Binh,VDH,VVDH,Dong Hoi Airport,17.515,106.591
VN,Quang Nam,TMK,,Tam Ky Airport,27.0522,86.8619
VN,Quang Nam,VCL,VVCA,Chu Lai International Airport,15.4033,108.706
VN,Quang Ngai,XNG,,Quang Ngai Airport,15.1155,108.772
VN,Quang Ninh,VDO,VVVD,Van Don International Airport,21.1178,107.414
VN,Soc Trang,SOA,,Soc Trang Airfield,9.5814,105.96
VN,Son La,SQH,VVNS,Na San Airport,21.217,104.033
VN,Thanh Hoa,THD,VVTX,Tho Xuan Airport,19.9017,105.468
VN,Thua Thien-Hue,HUI,VVPB,Phu Bai International Airport,16.4015,107.703
VN,Vinh Long,XVL,,Vinh Long Airport,10.2509,105.945
VU,Malampa,CCV,NVSF,Craig Cove Airport,-16.265,167.924
VU,Malampa,LPM,NVSL,Malekoula Airport (Lamap Airport),-16.4611,167.829
VU,Malampa,NUS,NVSP,Norsup Airport,-16.0797,167.401
VU,Malampa,PBJ,NVSI,Paama Airport,-16.439,168.257
VU,Malampa,SWJ,NVSX,South West Bay Airport,-16.4864,167.447
VU,Malampa,ULB,NVSU,Ulei Airport,-16.3297,168.301
VU,Penama,LNE,NVSO,Lonorore Airport,-15.8656,168.172
VU,Penama,LOD,NVSG,Longana Airport,-15.3067,167.967
VU,Penama,MWF,NVSN,Maewo-Naone Airport,-15,168.083
VU,Penama,RCL,NVSR,Redcliffe Airport,-15.472,167.835
VU,Penama,SSR,NVSH,Sara Airport,-15.4708,168.152
VU,Penama,WLH,NVSW,Walaha Airport,-15.412,167.691
VU,Sanma,OLJ,NVSZ,Olpoi Airport (North West Santo Airport),-14.8817,166.558
VU,Sanma,SON,NVSS,Santo-Pekoa International Airport,-15.505,167.22
VU,Shefa,EAE,NVSE,Siwo Airport,-17.0903,168.343
VU,Shefa,LNB,NVSM,Lamen Bay Airport,-16.5842,168.159
VU,Shefa,TGH,NVST,Tongoa Airport,-16.8911,168.551
VU,Shefa,UIQ,NVVQ,Quoin Hill Airfield,-17.54,168.442
VU,Shefa,VLI,NVVV,Bauerfield International Airport,-17.6993,168.32
VU,Shefa,VLS,NVSV,Valesdir Airport,-16.7961,168.177
VU,Tafea,AUY,NVVA,Anatom Airport,-20.2492,169.771
VU,Tafea,AWD,NVVB,Aniwa Airport,-19.2346,169.601
VU,Tafea,DLY,NVVD,Dillon's Bay Airport,-18.7694,169.001
VU,Tafea,FTA,NVVF,Futuna Airport,-19.5164,170.232
VU,Tafea,IPA,NVVI,Ipota Airport,-18.8564,169.283
VU,Tafea,TAH,NVVW,Whitegrass Airport,-19.4551,169.224
VU,Torba,MTV,NVSA,Mota Lava Airport,-13.666,167.712
VU,Torba,SLH,NVSC,Vanua Lava Airport,-13.8517,167.537
VU,Torba,TOH,NVSD,Torres Airport,-13.328,166.638
VU,Torba,ZGU,NVSQ,Gaua Airport,-14.2181,167.587
WF,Uvea,FUT,NLWF,Pointe Vele Airport,-14.3114,-178.066
WF,Uvea,WLS,NLWW,Hihifo Airport,-13.2383,-176.199
WS,Fa'asaleleaga,MXS,NSMA,Maota Airport,-13.7423,-172.258
WS,Tuamasaga,AAU,NSAU,Asau Airport,-13.5051,-172.628
WS,Tuamasaga,APW,NSFA,Faleolo International Airport,-13.83,-172.008
WS,Tuamasaga,FGI,NSFI,Fagali'i Airport,-13.8487,-171.74
YE,Abyan,DAH,,Dathina Airport,13.9376,45.6592
YE,Abyan,LDR,,Lawdar Airport,13.9376,45.6592
YE,Abyan,UKR,OYMS,Mukeiras Airport,13.9368,45.657
YE,Ad Dali',DHL,ODAL,Dhala Airport,13.6858,44.1389
YE,Adan,ADE,OYAA,Aden International Airport,12.8295,45.0288
YE,Al Bayda',BYD,OYBI,Al Bayda Airport,14.106,45.4411
YE,Al Hudaydah,HOD,OYHD,Hodeida International Airport,14.753,42.9763
YE,Al Hudaydah,KAM,OYKM,Kamaran Airport,15.3633,42.605
YE,Al Mahrah,AAY,OYGD,Al Ghaydah Airport,16.1917,52.175
YE,Al Mahrah,IHN,OYQN,Qishn Airport,15.417,51.683
YE,Dhamar,DMR,,Dhamar Airport,15.4792,44.2197
YE,Hadramawt,GXF,OYSY,Sayun Airport,15.9661,48.7883
YE,Hadramawt,RIY,OYRN,Riyan International Airport,14.6626,49.375
YE,Hadramawt,SCT,OYSQ,Socotra Airport,12.6307,53.9058
YE,Hajjah,EAB,ODAS,Abbs Airport,16.0108,43.1767
YE,Ma'rib,MYN,OYMB,Marib Airport,15.4692,45.3269
YE,Ma'rib,WDA,,Wadi Ain Airport,14.867,45.55
YE,Sa'dah,BUK,,Albuq Airport,17.3467,44.6217
YE,Sa'dah,SYE,OYSH,Saadah Airport,16.967,43.733
YE,San'a,SAH,OYSN,Sana'a International Airport,15.4764,44.2197
YE,San'a',RXA,,Ar Rawdah Airport,14.45,47.283
YE,Shabwah,AXK,OYAT,Ataq Airport,14.5513,46.8262
YE,Shabwah,BHN,OYBN,Beihan Airport,14.782,45.7201
YE,Ta'izz,TAI,OYTZ,Taiz International Airport,13.686,44.1391
YT,Dzaoudzi,DZA,FMCZ,Dzaoudzi-Pamandzi International Airport,-12.8047,45.2811
ZA,Eastern Cape,AFD,FAPA,Port Alfred Airport,-33.5542,26.8777
ZA,Eastern Cape,BIY,FABE,Bhisho Airport,-32.8971,27.2791
ZA,Eastern Cape,CDO,FACD,Cradock Airport,-32.1567,25.6456
ZA,Eastern Cape,ELS,FAEL,East London Airport,-33.0356,27.8259
ZA,Eastern Cape,JOH,FAPJ,Port St. Johns Airport,-31.6059,29.5198
ZA,Eastern Cape,MBM,,Mkambati Airport,-31.2833,29.9667
ZA,Eastern Cape,MZF,FAMW,Wild Coast Sun Airport,-31.25,29.833
ZA,Eastern Cape,PLZ,FAPE,Port Elizabeth Airport,-33.9849,25.6173
ZA,Eastern Cape,UTT,FAUT,Mthatha Airport,-31.5464,28.6734
ZA,Eastern Cape,UTW,FAQT,Queenstown Airport,-31.9202,26.8822
ZA,Free State,BFN,FABL,Bloemfontein Airport,-29.0927,26.3024
ZA,Free State,FCB,FAFB,Ficksburg Airport,-28.8231,27.9089
ZA,Free State,HRS,FAHR,Harrismith Airport,-28.2351,29.1062
ZA,Free State,TCU,FATN,Thaba Nchu Airport,-29.3178,26.8228
ZA,Free State,WEL,FAWM,Welkom Airport,-27.9968,26.6633
ZA,Gauteng,GCJ,FAGC,Grand Central Airport,-25.9863,28.1401
ZA,Gauteng,HLA,FALA,Lanseria International Airport,-25.9385,27.9261
ZA,Gauteng,JNB,FAOR,O. R. Tambo International Airport,-26.1392,28.246
ZA,Gauteng,PRY,FAWB,Wonderboom Airport,-25.6539,28.2242
ZA,Gauteng,QRA,FAGM,Rand Airport,-26.2425,28.1512
ZA,Gauteng,WKF,FAWK,Air Force Base Waterkloof,-25.83,28.2225
ZA,Kwazulu-Natal,DUK,FADK,Dukuduku Airport,-28.3684,32.2481
ZA,Kwazulu-Natal,DUR,FALE,King Shaka International Airport,-29.6144,31.1197
ZA,Kwazulu-Natal,EMG,FAEM,Empangeni Airport,-28.72,31.89
ZA,Kwazulu-Natal,HLW,FAHL,Hluhluwe Airport,-28.0166,32.2752
ZA,Kwazulu-Natal,LAY,FALY,Ladysmith Airport,-28.5817,29.7497
ZA,Kwazulu-Natal,MGH,FAMG,Margate Airport,-30.8574,30.343
ZA,Kwazulu-Natal,MZQ,FAMU,Mkuze Airport,-27.6261,32.0443
ZA,Kwazulu-Natal,NCS,FANC,Newcastle Airport,-27.7706,29.9769
ZA,Kwazulu-Natal,PZB,FAPM,Pietermaritzburg Airport,-29.649,30.3987
ZA,Kwazulu-Natal,PZL,FADQ,Zulu Inyala Airport,-27.8494,32.3097
ZA,Kwazulu-Natal,RCB,FARB,Richards Bay Airport,-28.741,32.0921
ZA,Kwazulu-Natal,ULD,FAUL,Ulundi Airport,-28.3206,31.4165
ZA,Kwazulu-Natal,VIR,FAVG,Virginia Airport,-29.7706,31.0584
ZA,Kwazulu-Natal,VYD,FAVY,Vryheid Airport,-27.7869,30.7964
ZA,Limpopo,ADY,FAAL,Alldays Airport,-22.679,29.0555
ZA,Limpopo,ELL,FAER,Ellisras Airport,-23.7267,27.6883
ZA,Limpopo,GIY,FAGI,Giyani Airport,-23.2833,30.65
ZA,Limpopo,HDS,FAHS,Air Force Base Hoedspruit,-24.3686,31.0487
ZA,Limpopo,INY,,Inyati Airport,-24.7777,31.3855
ZA,Limpopo,KHO,,Khoka Moya Airport,-24.593,31.4151
ZA,Limpopo,LCD,FALO,Louis Trichardt Airport,-23.0619,29.8647
ZA,Limpopo,LDZ,FALD,Londolozi Airport,-24.7478,31.4743
ZA,Limpopo,LTA,FATZ,Tzaneen Airport (Letaba Airport),-23.8244,30.3293
ZA,Limpopo,MEZ,FAMS,Messina Airport,-22.356,29.9862
ZA,Limpopo,MWR,,Motswari Airstrip,-24.1903,31.3864
ZA,Limpopo,PHW,FAPH,Hendrik Van Eck Airport,-23.9372,31.1554
ZA,Limpopo,PTG,FAPP,Polokwane International Airport,-23.8453,29.4586
ZA,Limpopo,THY,FATH,P.R. Mphephu Airport,-23.0769,30.3836
ZA,Limpopo,TSD,,Tshipise Airport,-22.6193,30.1756
ZA,Limpopo,ULX,FAUS,Ulusaba Airstrip,-24.7854,31.3549
ZA,Mpumalanga,AAM,FAMD,Mala Mala Airport,-24.8181,31.5446
ZA,Mpumalanga,GSS,,Sabi Sabi Airport,-24.9474,31.4488
ZA,Mpumalanga,HZV,FAHW,Hazyview Airport,-25.0501,31.1319
ZA,Mpumalanga,KOF,FAKP,Komatipoort Airport,-25.4403,31.93
ZA,Mpumalanga,LLE,FAMN,Malelane Airport,-25.43,31.5767
ZA,Mpumalanga,MQP,FAKN,Kruger Mpumalanga International Airport,-25.3832,31.1056
ZA,Mpumalanga,NGL,FANG,Ngala Airfield,-24.389,31.326
ZA,Mpumalanga,NLP,FANS,Nelspruit Airport,-25.5,30.9138
ZA,Mpumalanga,SZK,FASZ,Skukuza Airport,-24.9609,31.5887
ZA,Mpumalanga,TDT,,Tanda Tula Airport,-24.5336,31.3
ZA,Mpumalanga,ZEC,FASC,Secunda Airport,-26.5241,29.1701
ZA,North-West,KXE,FAKD,Klerksdorp Airport (P.C. Pelser Airport),-26.8711,26.718
ZA,North-West,MBD,FAMM,Mahikeng Airport (Mmabatho Airport),-25.7984,25.548
ZA,North-West,NTY,FAPN,Pilanesberg International Airport,-25.3338,27.1734
ZA,North-West,PCF,FAPS,Potchefstroom Airport,-26.671,27.0819
ZA,North-West,RVO,FARI,Reivilo Airport,-27.5472,24.1725
ZA,North-West,VRU,FAVB,Vryburg Airport,-26.9824,24.7288
ZA,Northern Cape,AGZ,FAAG,Aggeneys Airport,-29.2818,18.8139
ZA,Northern Cape,ALJ,FAAB,Alexander Bay Airport,-28.575,16.5333
ZA,Northern Cape,KIG,,Koingnaas Airport,-30.1878,17.2792
ZA,Northern Cape,KIM,FAKM,Kimberley Airport,-28.8028,24.7652
ZA,Northern Cape,KLZ,FAKZ,Kleinzee Airport,-29.6884,17.094
ZA,Northern Cape,KMH,FAKU,Johan Pienaar Airport,-27.4567,23.4114
ZA,Northern Cape,LMR,FALC,Finsch Mine Airport,-28.3601,23.4391
ZA,Northern Cape,PRK,FAPK,Prieska Airport,-29.6836,22.7706
ZA,Northern Cape,SBU,FASB,Springbok Airport,-29.6893,17.9396
ZA,Northern Cape,SIS,FASS,Sishen Airport,-27.6486,22.9993
ZA,Northern Cape,UTN,FAUP,Upington Airport,-28.3991,21.2602
ZA,Western Cape,CPT,FACT,Cape Town International Airport,-33.9648,18.6017
ZA,Western Cape,GRJ,FAGG,George Airport,-34.0056,22.3789
ZA,Western Cape,MZY,FAMO,Mossel Bay Airport,-34.1583,22.0586
ZA,Western Cape,OUH,FAOH,Oudtshoorn Airport,-33.607,22.189
ZA,Western Cape,OVG,FAOB,Air Force Base Overberg,-34.5549,20.2507
ZA,Western Cape,PBZ,FAPG,Plettenberg Bay Airport,-34.0882,23.3287
ZA,Western Cape,ROD,FARS,Robertson Airfield,-33.8122,19.9028
ZA,Western Cape,SDB,FALW,Air Force Base Langebaanweg,-32.9689,18.1603
ZA,Western Cape,VRE,FAVR,Vredendal Airport,-31.641,18.5448
ZM,-,JEK,,Jeki Airstrip,-15.6334,29.6036
ZM,Copperbelt,CGJ,,Kasompe Airport,-12.5728,27.8939
ZM,Copperbelt,KIW,FLSO,Southdowns Airport,-12.9005,28.1499
ZM,Copperbelt,NLA,FLND,Simon Mwansa Kapwepwe International Airport,-12.9981,28.6649
ZM,Eastern,CIP,FLCP,Chipata Airport,-13.5583,32.5872
ZM,Eastern,MFU,FLMF,Mfuwe Airport,-13.2589,31.9366
ZM,Luapula,MNS,FLMA,Mansa Airport,-11.137,28.8726
ZM,Lusaka,LUN,FLLS,Kenneth Kaunda International Airport,-15.3308,28.4526
ZM,Lusaka,RYL,,Royal Airstrip,-15.7255,29.3021
ZM,North-Western,BBZ,FLZB,Zambezi Airport,-13.537,23.1081
ZM,North-Western,SLI,FLSW,Solwezi Airport,-12.1737,26.3651
ZM,Northern,KAA,FLKS,Kasama Airport,-10.2167,31.1333
ZM,Northern,MMQ,FLBA,Mbala Airport,-8.85917,31.3364
ZM,Northern,ZKB,FLKY,Kasaba Bay Airport,-8.525,30.663
ZM,Southern,LVI,FLLI,Harry Mwanga Nkumbula International Airport,-17.8218,25.8227
ZM,Southern,ZGM,FLNA,Ngoma Airport,-15.9658,25.9333
ZM,Western,KLB,FLKL,Kalabo Airport,-14.9983,22.6454
ZM,Western,KMZ,FLKO,Kaoma Airport,-14.8,24.783
ZM,Western,LXU,FLLK,Lukulu Airport,-14.3748,23.2495
ZM,Western,MNR,FLMG,Mongu Airport,-15.2545,23.1623
ZM,Western,SJQ,FLSS,Sesheke Airport,-17.4763,24.3047
ZM,Western,SXG,FLSN,Senanga Airport,-16.113,23.2982
ZW,Bulawayo,BUQ,FVBU,Joshua Mqabuko Nkomo International Airport,-20.0174,28.6179
ZW,Harare,HRE,FVHA,Robert Gabriel Mugabe International Airport,-17.9318,31.0928
ZW,Manicaland,CHJ,FVCH,Chipinge Airport,-20.2067,32.6283
ZW,Manicaland,UTA,FVMU,Mutare Airport,-18.9975,32.6272
ZW,Mashonaland West,BZH,,Bumi Hills Airstrip,-16.817,28.35
ZW,Mashonaland West,KAB,FVKB,Kariba Airport,-16.5198,28.885
ZW,Masvingo,BFO,FVCZ,Buffalo Range Airport,-21.0081,31.5786
ZW,Masvingo,MJW,FVMH,Mahenye Airport,-21.231,32.3336
ZW,Masvingo,MVZ,FVMV,Masvingo Airport,-20.0553,30.8591
ZW,Matabeleland North,HWN,FVWN,Hwange National Park Airport,-18.6299,27.021
ZW,Matabeleland North,VFA,FVFA,Victoria Falls Airport,-18.0959,25.839
ZW,Matabeleland North,WKI,FVWT,Hwange Town Airport,-18.363,26.5198
ZW,Midlands,GWE,FVTL,Thornhill Air Base,-19.4364,29.8619
